review,label
Top-notch quality and authentic brand.,genuine
Does not match the listing. Avoid it.,fake
Top-notch quality and authentic brand.,genuine
Cheap knockoff. Definitely fake.,fake
The product exceeded my expectations.,genuine
Very disappointed. This is a counterfeit.,fake
This is the best investment I've made recently.,genuine
This is a scam. Not as described.,fake
This works exactly as described. Five stars!,genuine
Does not match the listing. Avoid it.,fake
This is the best investment I've made recently.,genuine
Completely misleading and poor quality.,fake
Top-notch quality and authentic brand.,genuine
Didn't receive the item at all.,fake
"Excellent quality, fast shipping and great packaging.",genuine
Fake product! I want a refund.,fake
"Excellent quality, fast shipping and great packaging.",genuine
Completely misleading and poor quality.,fake
Genuine and reliable. Value for money.,genuine
"Fake seller, fake product, fake everything.",fake
Top-notch quality and authentic brand.,genuine
Very disappointed. This is a counterfeit.,fake
The product exceeded my expectations.,genuine
Very disappointed. This is a counterfeit.,fake
"Excellent quality, fast shipping and great packaging.",genuine
Arrived broken and unusable. Trash!,fake
Customer support was responsive and helpful.,genuine
"Fake seller, fake product, fake everything.",fake
Very satisfied with the purchase. Will buy again.,genuine
Didn't receive the item at all.,fake
The product exceeded my expectations.,genuine
Does not match the listing. Avoid it.,fake
Absolutely love this product! Highly recommended.,genuine
Completely misleading and poor quality.,fake
This is the best investment I've made recently.,genuine
This is a scam. Not as described.,fake
Perfect for my needs. Works flawlessly.,genuine
Fake product! I want a refund.,fake
The product exceeded my expectations.,genuine
Didn't receive the item at all.,fake
"Excellent quality, fast shipping and great packaging.",genuine
This is a scam. Not as described.,fake
Customer support was responsive and helpful.,genuine
Fake product! I want a refund.,fake
This works exactly as described. Five stars!,genuine
Fake product! I want a refund.,fake
"Excellent quality, fast shipping and great packaging.",genuine
"Fake seller, fake product, fake everything.",fake
Customer support was responsive and helpful.,genuine
Cheap knockoff. Definitely fake.,fake
Very satisfied with the purchase. Will buy again.,genuine
Terrible item. Don’t waste your money.,fake
The product exceeded my expectations.,genuine
Completely misleading and poor quality.,fake
Very satisfied with the purchase. Will buy again.,genuine
Fake product! I want a refund.,fake
This works exactly as described. Five stars!,genuine
Does not match the listing. Avoid it.,fake
"Excellent quality, fast shipping and great packaging.",genuine
Does not match the listing. Avoid it.,fake
Customer support was responsive and helpful.,genuine
Very disappointed. This is a counterfeit.,fake
"Excellent quality, fast shipping and great packaging.",genuine
This is a scam. Not as described.,fake
Customer support was responsive and helpful.,genuine
Does not match the listing. Avoid it.,fake
This works exactly as described. Five stars!,genuine
Arrived broken and unusable. Trash!,fake
The product exceeded my expectations.,genuine
Fake product! I want a refund.,fake
Genuine and reliable. Value for money.,genuine
Very disappointed. This is a counterfeit.,fake
Perfect for my needs. Works flawlessly.,genuine
Completely misleading and poor quality.,fake
Genuine and reliable. Value for money.,genuine
Terrible item. Don’t waste your money.,fake
Very satisfied with the purchase. Will buy again.,genuine
Completely misleading and poor quality.,fake
This is the best investment I've made recently.,genuine
Didn't receive the item at all.,fake
"Excellent quality, fast shipping and great packaging.",genuine
"Fake seller, fake product, fake everything.",fake
Perfect for my needs. Works flawlessly.,genuine
Fake product! I want a refund.,fake
Perfect for my needs. Works flawlessly.,genuine
"Fake seller, fake product, fake everything.",fake
This is the best investment I've made recently.,genuine
Didn't receive the item at all.,fake
Top-notch quality and authentic brand.,genuine
Arrived broken and unusable. Trash!,fake
Perfect for my needs. Works flawlessly.,genuine
Arrived broken and unusable. Trash!,fake
Very satisfied with the purchase. Will buy again.,genuine
Cheap knockoff. Definitely fake.,fake
Perfect for my needs. Works flawlessly.,genuine
This is a scam. Not as described.,fake
Very satisfied with the purchase. Will buy again.,genuine
Fake product! I want a refund.,fake
Very satisfied with the purchase. Will buy again.,genuine
Does not match the listing. Avoid it.,fake
Very satisfied with the purchase. Will buy again.,genuine
Does not match the listing. Avoid it.,fake
Top-notch quality and authentic brand.,genuine
Does not match the listing. Avoid it.,fake
The product exceeded my expectations.,genuine
Does not match the listing. Avoid it.,fake
Perfect for my needs. Works flawlessly.,genuine
Does not match the listing. Avoid it.,fake
Customer support was responsive and helpful.,genuine
Fake product! I want a refund.,fake
"Excellent quality, fast shipping and great packaging.",genuine
Arrived broken and unusable. Trash!,fake
Absolutely love this product! Highly recommended.,genuine
Does not match the listing. Avoid it.,fake
This works exactly as described. Five stars!,genuine
Completely misleading and poor quality.,fake
Top-notch quality and authentic brand.,genuine
Does not match the listing. Avoid it.,fake
This is the best investment I've made recently.,genuine
Terrible item. Don’t waste your money.,fake
This works exactly as described. Five stars!,genuine
Cheap knockoff. Definitely fake.,fake
Perfect for my needs. Works flawlessly.,genuine
Does not match the listing. Avoid it.,fake
Absolutely love this product! Highly recommended.,genuine
Completely misleading and poor quality.,fake
Genuine and reliable. Value for money.,genuine
Completely misleading and poor quality.,fake
This works exactly as described. Five stars!,genuine
"Fake seller, fake product, fake everything.",fake
Absolutely love this product! Highly recommended.,genuine
Didn't receive the item at all.,fake
This works exactly as described. Five stars!,genuine
Does not match the listing. Avoid it.,fake
This is the best investment I've made recently.,genuine
Didn't receive the item at all.,fake
Top-notch quality and authentic brand.,genuine
This is a scam. Not as described.,fake
The product exceeded my expectations.,genuine
This is a scam. Not as described.,fake
Absolutely love this product! Highly recommended.,genuine
Very disappointed. This is a counterfeit.,fake
Very satisfied with the purchase. Will buy again.,genuine
Does not match the listing. Avoid it.,fake
Customer support was responsive and helpful.,genuine
Fake product! I want a refund.,fake
Customer support was responsive and helpful.,genuine
"Fake seller, fake product, fake everything.",fake
The product exceeded my expectations.,genuine
"Fake seller, fake product, fake everything.",fake
This works exactly as described. Five stars!,genuine
Cheap knockoff. Definitely fake.,fake
Top-notch quality and authentic brand.,genuine
Didn't receive the item at all.,fake
Customer support was responsive and helpful.,genuine
Does not match the listing. Avoid it.,fake
Perfect for my needs. Works flawlessly.,genuine
Cheap knockoff. Definitely fake.,fake
Absolutely love this product! Highly recommended.,genuine
Terrible item. Don’t waste your money.,fake
Top-notch quality and authentic brand.,genuine
Completely misleading and poor quality.,fake
"Excellent quality, fast shipping and great packaging.",genuine
Does not match the listing. Avoid it.,fake
Top-notch quality and authentic brand.,genuine
Does not match the listing. Avoid it.,fake
This works exactly as described. Five stars!,genuine
Completely misleading and poor quality.,fake
Very satisfied with the purchase. Will buy again.,genuine
Didn't receive the item at all.,fake
Absolutely love this product! Highly recommended.,genuine
Does not match the listing. Avoid it.,fake
Very satisfied with the purchase. Will buy again.,genuine
Fake product! I want a refund.,fake
Top-notch quality and authentic brand.,genuine
"Fake seller, fake product, fake everything.",fake
Absolutely love this product! Highly recommended.,genuine
Fake product! I want a refund.,fake
This is the best investment I've made recently.,genuine
Didn't receive the item at all.,fake
This is the best investment I've made recently.,genuine
Does not match the listing. Avoid it.,fake
This is the best investment I've made recently.,genuine
Didn't receive the item at all.,fake
Top-notch quality and authentic brand.,genuine
Completely misleading and poor quality.,fake
Absolutely love this product! Highly recommended.,genuine
This is a scam. Not as described.,fake
This is the best investment I've made recently.,genuine
Fake product! I want a refund.,fake
Perfect for my needs. Works flawlessly.,genuine
Terrible item. Don’t waste your money.,fake
Perfect for my needs. Works flawlessly.,genuine
Does not match the listing. Avoid it.,fake
Perfect for my needs. Works flawlessly.,genuine
"Fake seller, fake product, fake everything.",fake
The product exceeded my expectations.,genuine
"Fake seller, fake product, fake everything.",fake
Perfect for my needs. Works flawlessly.,genuine
This is a scam. Not as described.,fake
Very satisfied with the purchase. Will buy again.,genuine
Fake product! I want a refund.,fake
Top-notch quality and authentic brand.,genuine
This is a scam. Not as described.,fake
Perfect for my needs. Works flawlessly.,genuine
Does not match the listing. Avoid it.,fake
Top-notch quality and authentic brand.,genuine
Fake product! I want a refund.,fake
Top-notch quality and authentic brand.,genuine
Terrible item. Don’t waste your money.,fake
Top-notch quality and authentic brand.,genuine
Arrived broken and unusable. Trash!,fake
This works exactly as described. Five stars!,genuine
Does not match the listing. Avoid it.,fake
Top-notch quality and authentic brand.,genuine
Very disappointed. This is a counterfeit.,fake
Customer support was responsive and helpful.,genuine
This is a scam. Not as described.,fake
Very satisfied with the purchase. Will buy again.,genuine
Fake product! I want a refund.,fake
The product exceeded my expectations.,genuine
Fake product! I want a refund.,fake
Customer support was responsive and helpful.,genuine
This is a scam. Not as described.,fake
The product exceeded my expectations.,genuine
"Fake seller, fake product, fake everything.",fake
"Excellent quality, fast shipping and great packaging.",genuine
"Fake seller, fake product, fake everything.",fake
Genuine and reliable. Value for money.,genuine
This is a scam. Not as described.,fake
Absolutely love this product! Highly recommended.,genuine
Didn't receive the item at all.,fake
"Excellent quality, fast shipping and great packaging.",genuine
"Fake seller, fake product, fake everything.",fake
Customer support was responsive and helpful.,genuine
Very disappointed. This is a counterfeit.,fake
Top-notch quality and authentic brand.,genuine
"Fake seller, fake product, fake everything.",fake
Top-notch quality and authentic brand.,genuine
Didn't receive the item at all.,fake
Top-notch quality and authentic brand.,genuine
Does not match the listing. Avoid it.,fake
Genuine and reliable. Value for money.,genuine
Terrible item. Don’t waste your money.,fake
This works exactly as described. Five stars!,genuine
Very disappointed. This is a counterfeit.,fake
Perfect for my needs. Works flawlessly.,genuine
Very disappointed. This is a counterfeit.,fake
This works exactly as described. Five stars!,genuine
Didn't receive the item at all.,fake
This is the best investment I've made recently.,genuine
Terrible item. Don’t waste your money.,fake
Genuine and reliable. Value for money.,genuine
Arrived broken and unusable. Trash!,fake
Top-notch quality and authentic brand.,genuine
Arrived broken and unusable. Trash!,fake
Perfect for my needs. Works flawlessly.,genuine
Didn't receive the item at all.,fake
Genuine and reliable. Value for money.,genuine
Terrible item. Don’t waste your money.,fake
This is the best investment I've made recently.,genuine
Fake product! I want a refund.,fake
Perfect for my needs. Works flawlessly.,genuine
Does not match the listing. Avoid it.,fake
Absolutely love this product! Highly recommended.,genuine
Cheap knockoff. Definitely fake.,fake
This is the best investment I've made recently.,genuine
Very disappointed. This is a counterfeit.,fake
This is the best investment I've made recently.,genuine
Cheap knockoff. Definitely fake.,fake
Customer support was responsive and helpful.,genuine
Completely misleading and poor quality.,fake
Very satisfied with the purchase. Will buy again.,genuine
Didn't receive the item at all.,fake
This works exactly as described. Five stars!,genuine
Cheap knockoff. Definitely fake.,fake
This works exactly as described. Five stars!,genuine
Cheap knockoff. Definitely fake.,fake
Top-notch quality and authentic brand.,genuine
Terrible item. Don’t waste your money.,fake
The product exceeded my expectations.,genuine
"Fake seller, fake product, fake everything.",fake
The product exceeded my expectations.,genuine
"Fake seller, fake product, fake everything.",fake
The product exceeded my expectations.,genuine
Terrible item. Don’t waste your money.,fake
"Excellent quality, fast shipping and great packaging.",genuine
Arrived broken and unusable. Trash!,fake
This is the best investment I've made recently.,genuine
Cheap knockoff. Definitely fake.,fake
"Excellent quality, fast shipping and great packaging.",genuine
Terrible item. Don’t waste your money.,fake
Very satisfied with the purchase. Will buy again.,genuine
Arrived broken and unusable. Trash!,fake
This works exactly as described. Five stars!,genuine
Arrived broken and unusable. Trash!,fake
Customer support was responsive and helpful.,genuine
This is a scam. Not as described.,fake
This is the best investment I've made recently.,genuine
Arrived broken and unusable. Trash!,fake
Very satisfied with the purchase. Will buy again.,genuine
Does not match the listing. Avoid it.,fake
The product exceeded my expectations.,genuine
Arrived broken and unusable. Trash!,fake
"Excellent quality, fast shipping and great packaging.",genuine
Fake product! I want a refund.,fake
Absolutely love this product! Highly recommended.,genuine
Cheap knockoff. Definitely fake.,fake
This is the best investment I've made recently.,genuine
Arrived broken and unusable. Trash!,fake
Perfect for my needs. Works flawlessly.,genuine
Fake product! I want a refund.,fake
Perfect for my needs. Works flawlessly.,genuine
Very disappointed. This is a counterfeit.,fake
"Excellent quality, fast shipping and great packaging.",genuine
"Fake seller, fake product, fake everything.",fake
Top-notch quality and authentic brand.,genuine
Fake product! I want a refund.,fake
This is the best investment I've made recently.,genuine
Fake product! I want a refund.,fake
Genuine and reliable. Value for money.,genuine
Fake product! I want a refund.,fake
This works exactly as described. Five stars!,genuine
"Fake seller, fake product, fake everything.",fake
This is the best investment I've made recently.,genuine
Completely misleading and poor quality.,fake
Very satisfied with the purchase. Will buy again.,genuine
Didn't receive the item at all.,fake
Customer support was responsive and helpful.,genuine
Very disappointed. This is a counterfeit.,fake
"Excellent quality, fast shipping and great packaging.",genuine
Fake product! I want a refund.,fake
The product exceeded my expectations.,genuine
Very disappointed. This is a counterfeit.,fake
Absolutely love this product! Highly recommended.,genuine
Cheap knockoff. Definitely fake.,fake
This is the best investment I've made recently.,genuine
"Fake seller, fake product, fake everything.",fake
This is the best investment I've made recently.,genuine
Cheap knockoff. Definitely fake.,fake
Genuine and reliable. Value for money.,genuine
Cheap knockoff. Definitely fake.,fake
Absolutely love this product! Highly recommended.,genuine
This is a scam. Not as described.,fake
Perfect for my needs. Works flawlessly.,genuine
Fake product! I want a refund.,fake
This is the best investment I've made recently.,genuine
"Fake seller, fake product, fake everything.",fake
Genuine and reliable. Value for money.,genuine
Fake product! I want a refund.,fake
Perfect for my needs. Works flawlessly.,genuine
"Fake seller, fake product, fake everything.",fake
This is the best investment I've made recently.,genuine
"Fake seller, fake product, fake everything.",fake
Top-notch quality and authentic brand.,genuine
Arrived broken and unusable. Trash!,fake
"Excellent quality, fast shipping and great packaging.",genuine
Didn't receive the item at all.,fake
Absolutely love this product! Highly recommended.,genuine
Didn't receive the item at all.,fake
The product exceeded my expectations.,genuine
Arrived broken and unusable. Trash!,fake
This is the best investment I've made recently.,genuine
Terrible item. Don’t waste your money.,fake
This works exactly as described. Five stars!,genuine
Cheap knockoff. Definitely fake.,fake
Customer support was responsive and helpful.,genuine
Completely misleading and poor quality.,fake
The product exceeded my expectations.,genuine
Didn't receive the item at all.,fake
Absolutely love this product! Highly recommended.,genuine
Didn't receive the item at all.,fake
Customer support was responsive and helpful.,genuine
Terrible item. Don’t waste your money.,fake
Very satisfied with the purchase. Will buy again.,genuine
Arrived broken and unusable. Trash!,fake
The product exceeded my expectations.,genuine
Arrived broken and unusable. Trash!,fake
Top-notch quality and authentic brand.,genuine
This is a scam. Not as described.,fake
This works exactly as described. Five stars!,genuine
Arrived broken and unusable. Trash!,fake
This works exactly as described. Five stars!,genuine
Completely misleading and poor quality.,fake
Top-notch quality and authentic brand.,genuine
Didn't receive the item at all.,fake
Customer support was responsive and helpful.,genuine
Arrived broken and unusable. Trash!,fake
Very satisfied with the purchase. Will buy again.,genuine
Does not match the listing. Avoid it.,fake
Genuine and reliable. Value for money.,genuine
Fake product! I want a refund.,fake
Absolutely love this product! Highly recommended.,genuine
Does not match the listing. Avoid it.,fake
Perfect for my needs. Works flawlessly.,genuine
Cheap knockoff. Definitely fake.,fake
Absolutely love this product! Highly recommended.,genuine
Terrible item. Don’t waste your money.,fake
Genuine and reliable. Value for money.,genuine
Very disappointed. This is a counterfeit.,fake
Very satisfied with the purchase. Will buy again.,genuine
Does not match the listing. Avoid it.,fake
Top-notch quality and authentic brand.,genuine
"Fake seller, fake product, fake everything.",fake
Top-notch quality and authentic brand.,genuine
Completely misleading and poor quality.,fake
Genuine and reliable. Value for money.,genuine
Very disappointed. This is a counterfeit.,fake
The product exceeded my expectations.,genuine
Cheap knockoff. Definitely fake.,fake
This works exactly as described. Five stars!,genuine
This is a scam. Not as described.,fake
Genuine and reliable. Value for money.,genuine
Terrible item. Don’t waste your money.,fake
This works exactly as described. Five stars!,genuine
Completely misleading and poor quality.,fake
Absolutely love this product! Highly recommended.,genuine
Very disappointed. This is a counterfeit.,fake
Customer support was responsive and helpful.,genuine
Completely misleading and poor quality.,fake
Absolutely love this product! Highly recommended.,genuine
Does not match the listing. Avoid it.,fake
Top-notch quality and authentic brand.,genuine
Does not match the listing. Avoid it.,fake
Customer support was responsive and helpful.,genuine
Fake product! I want a refund.,fake
This works exactly as described. Five stars!,genuine
Terrible item. Don’t waste your money.,fake
Absolutely love this product! Highly recommended.,genuine
Cheap knockoff. Definitely fake.,fake
"Excellent quality, fast shipping and great packaging.",genuine
Completely misleading and poor quality.,fake
Customer support was responsive and helpful.,genuine
"Fake seller, fake product, fake everything.",fake
"Excellent quality, fast shipping and great packaging.",genuine
Fake product! I want a refund.,fake
Very satisfied with the purchase. Will buy again.,genuine
This is a scam. Not as described.,fake
Perfect for my needs. Works flawlessly.,genuine
Terrible item. Don’t waste your money.,fake
Customer support was responsive and helpful.,genuine
Completely misleading and poor quality.,fake
This works exactly as described. Five stars!,genuine
Didn't receive the item at all.,fake
Very satisfied with the purchase. Will buy again.,genuine
Very disappointed. This is a counterfeit.,fake
This is the best investment I've made recently.,genuine
Didn't receive the item at all.,fake
Very satisfied with the purchase. Will buy again.,genuine
Does not match the listing. Avoid it.,fake
Very satisfied with the purchase. Will buy again.,genuine
Terrible item. Don’t waste your money.,fake
This is the best investment I've made recently.,genuine
Didn't receive the item at all.,fake
Top-notch quality and authentic brand.,genuine
Terrible item. Don’t waste your money.,fake
"Excellent quality, fast shipping and great packaging.",genuine
Very disappointed. This is a counterfeit.,fake
Absolutely love this product! Highly recommended.,genuine
Very disappointed. This is a counterfeit.,fake
Customer support was responsive and helpful.,genuine
Arrived broken and unusable. Trash!,fake
Genuine and reliable. Value for money.,genuine
Terrible item. Don’t waste your money.,fake
Top-notch quality and authentic brand.,genuine
Didn't receive the item at all.,fake
This is the best investment I've made recently.,genuine
Didn't receive the item at all.,fake
"Excellent quality, fast shipping and great packaging.",genuine
Does not match the listing. Avoid it.,fake
Absolutely love this product! Highly recommended.,genuine
Fake product! I want a refund.,fake
Customer support was responsive and helpful.,genuine
Arrived broken and unusable. Trash!,fake
"Excellent quality, fast shipping and great packaging.",genuine
Very disappointed. This is a counterfeit.,fake
"Excellent quality, fast shipping and great packaging.",genuine
Does not match the listing. Avoid it.,fake
Absolutely love this product! Highly recommended.,genuine
Does not match the listing. Avoid it.,fake
Absolutely love this product! Highly recommended.,genuine
Terrible item. Don’t waste your money.,fake
This works exactly as described. Five stars!,genuine
Terrible item. Don’t waste your money.,fake
This is the best investment I've made recently.,genuine
Cheap knockoff. Definitely fake.,fake
Perfect for my needs. Works flawlessly.,genuine
Terrible item. Don’t waste your money.,fake
"Excellent quality, fast shipping and great packaging.",genuine
"Fake seller, fake product, fake everything.",fake
"Excellent quality, fast shipping and great packaging.",genuine
Very disappointed. This is a counterfeit.,fake
"Excellent quality, fast shipping and great packaging.",genuine
Terrible item. Don’t waste your money.,fake
Very satisfied with the purchase. Will buy again.,genuine
Very disappointed. This is a counterfeit.,fake
Absolutely love this product! Highly recommended.,genuine
Does not match the listing. Avoid it.,fake
Very satisfied with the purchase. Will buy again.,genuine
Cheap knockoff. Definitely fake.,fake
"Excellent quality, fast shipping and great packaging.",genuine
Arrived broken and unusable. Trash!,fake
Customer support was responsive and helpful.,genuine
"Fake seller, fake product, fake everything.",fake
This works exactly as described. Five stars!,genuine
Fake product! I want a refund.,fake
The product exceeded my expectations.,genuine
Does not match the listing. Avoid it.,fake
Perfect for my needs. Works flawlessly.,genuine
"Fake seller, fake product, fake everything.",fake
"Excellent quality, fast shipping and great packaging.",genuine
Very disappointed. This is a counterfeit.,fake
Perfect for my needs. Works flawlessly.,genuine
This is a scam. Not as described.,fake
Absolutely love this product! Highly recommended.,genuine
Fake product! I want a refund.,fake
Top-notch quality and authentic brand.,genuine
Cheap knockoff. Definitely fake.,fake
Top-notch quality and authentic brand.,genuine
Cheap knockoff. Definitely fake.,fake
Top-notch quality and authentic brand.,genuine
Does not match the listing. Avoid it.,fake
Absolutely love this product! Highly recommended.,genuine
Didn't receive the item at all.,fake
Top-notch quality and authentic brand.,genuine
This is a scam. Not as described.,fake
"Excellent quality, fast shipping and great packaging.",genuine
Completely misleading and poor quality.,fake
Top-notch quality and authentic brand.,genuine
Didn't receive the item at all.,fake
Genuine and reliable. Value for money.,genuine
This is a scam. Not as described.,fake
Absolutely love this product! Highly recommended.,genuine
Arrived broken and unusable. Trash!,fake
The product exceeded my expectations.,genuine
"Fake seller, fake product, fake everything.",fake
Perfect for my needs. Works flawlessly.,genuine
Didn't receive the item at all.,fake
Very satisfied with the purchase. Will buy again.,genuine
Fake product! I want a refund.,fake
Absolutely love this product! Highly recommended.,genuine
Does not match the listing. Avoid it.,fake
Absolutely love this product! Highly recommended.,genuine
Terrible item. Don’t waste your money.,fake
The product exceeded my expectations.,genuine
Fake product! I want a refund.,fake
This works exactly as described. Five stars!,genuine
This is a scam. Not as described.,fake
Perfect for my needs. Works flawlessly.,genuine
Didn't receive the item at all.,fake
Absolutely love this product! Highly recommended.,genuine
Arrived broken and unusable. Trash!,fake
This works exactly as described. Five stars!,genuine
Arrived broken and unusable. Trash!,fake
Genuine and reliable. Value for money.,genuine
Very disappointed. This is a counterfeit.,fake
This works exactly as described. Five stars!,genuine
Terrible item. Don’t waste your money.,fake
This works exactly as described. Five stars!,genuine
Very disappointed. This is a counterfeit.,fake
Perfect for my needs. Works flawlessly.,genuine
"Fake seller, fake product, fake everything.",fake
This is the best investment I've made recently.,genuine
"Fake seller, fake product, fake everything.",fake
This works exactly as described. Five stars!,genuine
Arrived broken and unusable. Trash!,fake
Absolutely love this product! Highly recommended.,genuine
Cheap knockoff. Definitely fake.,fake
Top-notch quality and authentic brand.,genuine
Cheap knockoff. Definitely fake.,fake
This works exactly as described. Five stars!,genuine
Does not match the listing. Avoid it.,fake
"Excellent quality, fast shipping and great packaging.",genuine
Cheap knockoff. Definitely fake.,fake
This works exactly as described. Five stars!,genuine
Very disappointed. This is a counterfeit.,fake
This is the best investment I've made recently.,genuine
Arrived broken and unusable. Trash!,fake
"Excellent quality, fast shipping and great packaging.",genuine
Arrived broken and unusable. Trash!,fake
Top-notch quality and authentic brand.,genuine
Didn't receive the item at all.,fake
The product exceeded my expectations.,genuine
Completely misleading and poor quality.,fake
Perfect for my needs. Works flawlessly.,genuine
Arrived broken and unusable. Trash!,fake
Customer support was responsive and helpful.,genuine
Cheap knockoff. Definitely fake.,fake
Genuine and reliable. Value for money.,genuine
Very disappointed. This is a counterfeit.,fake
The product exceeded my expectations.,genuine
Completely misleading and poor quality.,fake
"Excellent quality, fast shipping and great packaging.",genuine
Cheap knockoff. Definitely fake.,fake
Customer support was responsive and helpful.,genuine
Fake product! I want a refund.,fake
This is the best investment I've made recently.,genuine
Cheap knockoff. Definitely fake.,fake
This is the best investment I've made recently.,genuine
This is a scam. Not as described.,fake
Perfect for my needs. Works flawlessly.,genuine
This is a scam. Not as described.,fake
Genuine and reliable. Value for money.,genuine
Arrived broken and unusable. Trash!,fake
Very satisfied with the purchase. Will buy again.,genuine
Fake product! I want a refund.,fake
This is the best investment I've made recently.,genuine
Fake product! I want a refund.,fake
Perfect for my needs. Works flawlessly.,genuine
Completely misleading and poor quality.,fake
This works exactly as described. Five stars!,genuine
Completely misleading and poor quality.,fake
This works exactly as described. Five stars!,genuine
Fake product! I want a refund.,fake
Very satisfied with the purchase. Will buy again.,genuine
Very disappointed. This is a counterfeit.,fake
Absolutely love this product! Highly recommended.,genuine
Arrived broken and unusable. Trash!,fake
This is the best investment I've made recently.,genuine
Completely misleading and poor quality.,fake
Absolutely love this product! Highly recommended.,genuine
Arrived broken and unusable. Trash!,fake
Top-notch quality and authentic brand.,genuine
Very disappointed. This is a counterfeit.,fake
This is the best investment I've made recently.,genuine
Terrible item. Don’t waste your money.,fake
Very satisfied with the purchase. Will buy again.,genuine
Completely misleading and poor quality.,fake
"Excellent quality, fast shipping and great packaging.",genuine
This is a scam. Not as described.,fake
Top-notch quality and authentic brand.,genuine
Completely misleading and poor quality.,fake
Top-notch quality and authentic brand.,genuine
This is a scam. Not as described.,fake
Top-notch quality and authentic brand.,genuine
Cheap knockoff. Definitely fake.,fake
This is the best investment I've made recently.,genuine
Arrived broken and unusable. Trash!,fake
Perfect for my needs. Works flawlessly.,genuine
"Fake seller, fake product, fake everything.",fake
Top-notch quality and authentic brand.,genuine
Does not match the listing. Avoid it.,fake
Genuine and reliable. Value for money.,genuine
Terrible item. Don’t waste your money.,fake
Absolutely love this product! Highly recommended.,genuine
Very disappointed. This is a counterfeit.,fake
Customer support was responsive and helpful.,genuine
"Fake seller, fake product, fake everything.",fake
Perfect for my needs. Works flawlessly.,genuine
Arrived broken and unusable. Trash!,fake
The product exceeded my expectations.,genuine
"Fake seller, fake product, fake everything.",fake
"Excellent quality, fast shipping and great packaging.",genuine
This is a scam. Not as described.,fake
Customer support was responsive and helpful.,genuine
Does not match the listing. Avoid it.,fake
Top-notch quality and authentic brand.,genuine
Does not match the listing. Avoid it.,fake
Absolutely love this product! Highly recommended.,genuine
Does not match the listing. Avoid it.,fake
This works exactly as described. Five stars!,genuine
Terrible item. Don’t waste your money.,fake
This is the best investment I've made recently.,genuine
This is a scam. Not as described.,fake
Absolutely love this product! Highly recommended.,genuine
Cheap knockoff. Definitely fake.,fake
This works exactly as described. Five stars!,genuine
Fake product! I want a refund.,fake
The product exceeded my expectations.,genuine
Very disappointed. This is a counterfeit.,fake
Very satisfied with the purchase. Will buy again.,genuine
Very disappointed. This is a counterfeit.,fake
Perfect for my needs. Works flawlessly.,genuine
Does not match the listing. Avoid it.,fake
This works exactly as described. Five stars!,genuine
Does not match the listing. Avoid it.,fake
"Excellent quality, fast shipping and great packaging.",genuine
"Fake seller, fake product, fake everything.",fake
The product exceeded my expectations.,genuine
This is a scam. Not as described.,fake
"Excellent quality, fast shipping and great packaging.",genuine
Didn't receive the item at all.,fake
Top-notch quality and authentic brand.,genuine
Didn't receive the item at all.,fake
"Excellent quality, fast shipping and great packaging.",genuine
Does not match the listing. Avoid it.,fake
The product exceeded my expectations.,genuine
Cheap knockoff. Definitely fake.,fake
Customer support was responsive and helpful.,genuine
Fake product! I want a refund.,fake
Genuine and reliable. Value for money.,genuine
Didn't receive the item at all.,fake
This is the best investment I've made recently.,genuine
Arrived broken and unusable. Trash!,fake
Top-notch quality and authentic brand.,genuine
Terrible item. Don’t waste your money.,fake
Top-notch quality and authentic brand.,genuine
Cheap knockoff. Definitely fake.,fake
Customer support was responsive and helpful.,genuine
Cheap knockoff. Definitely fake.,fake
This works exactly as described. Five stars!,genuine
Terrible item. Don’t waste your money.,fake
This is the best investment I've made recently.,genuine
Arrived broken and unusable. Trash!,fake
"Excellent quality, fast shipping and great packaging.",genuine
Arrived broken and unusable. Trash!,fake
"Excellent quality, fast shipping and great packaging.",genuine
Does not match the listing. Avoid it.,fake
This is the best investment I've made recently.,genuine
Completely misleading and poor quality.,fake
This works exactly as described. Five stars!,genuine
Cheap knockoff. Definitely fake.,fake
Genuine and reliable. Value for money.,genuine
"Fake seller, fake product, fake everything.",fake
Customer support was responsive and helpful.,genuine
Does not match the listing. Avoid it.,fake
The product exceeded my expectations.,genuine
Didn't receive the item at all.,fake
"Excellent quality, fast shipping and great packaging.",genuine
Didn't receive the item at all.,fake
Absolutely love this product! Highly recommended.,genuine
Didn't receive the item at all.,fake
Very satisfied with the purchase. Will buy again.,genuine
Does not match the listing. Avoid it.,fake
This is the best investment I've made recently.,genuine
Cheap knockoff. Definitely fake.,fake
Very satisfied with the purchase. Will buy again.,genuine
Does not match the listing. Avoid it.,fake
The product exceeded my expectations.,genuine
Very disappointed. This is a counterfeit.,fake
Very satisfied with the purchase. Will buy again.,genuine
Terrible item. Don’t waste your money.,fake
Perfect for my needs. Works flawlessly.,genuine
Does not match the listing. Avoid it.,fake
Customer support was responsive and helpful.,genuine
Didn't receive the item at all.,fake
Very satisfied with the purchase. Will buy again.,genuine
This is a scam. Not as described.,fake
This works exactly as described. Five stars!,genuine
Cheap knockoff. Definitely fake.,fake
The product exceeded my expectations.,genuine
Didn't receive the item at all.,fake
Customer support was responsive and helpful.,genuine
Arrived broken and unusable. Trash!,fake
Absolutely love this product! Highly recommended.,genuine
Didn't receive the item at all.,fake
Perfect for my needs. Works flawlessly.,genuine
Very disappointed. This is a counterfeit.,fake
Absolutely love this product! Highly recommended.,genuine
Completely misleading and poor quality.,fake
Very satisfied with the purchase. Will buy again.,genuine
Very disappointed. This is a counterfeit.,fake
"Excellent quality, fast shipping and great packaging.",genuine
Arrived broken and unusable. Trash!,fake
This is the best investment I've made recently.,genuine
Didn't receive the item at all.,fake
The product exceeded my expectations.,genuine
Terrible item. Don’t waste your money.,fake
Very satisfied with the purchase. Will buy again.,genuine
Fake product! I want a refund.,fake
Top-notch quality and authentic brand.,genuine
"Fake seller, fake product, fake everything.",fake
"Excellent quality, fast shipping and great packaging.",genuine
Does not match the listing. Avoid it.,fake
This works exactly as described. Five stars!,genuine
Arrived broken and unusable. Trash!,fake
This works exactly as described. Five stars!,genuine
Completely misleading and poor quality.,fake
"Excellent quality, fast shipping and great packaging.",genuine
This is a scam. Not as described.,fake
Genuine and reliable. Value for money.,genuine
Didn't receive the item at all.,fake
Perfect for my needs. Works flawlessly.,genuine
"Fake seller, fake product, fake everything.",fake
This works exactly as described. Five stars!,genuine
Very disappointed. This is a counterfeit.,fake
Customer support was responsive and helpful.,genuine
Cheap knockoff. Definitely fake.,fake
The product exceeded my expectations.,genuine
Arrived broken and unusable. Trash!,fake
The product exceeded my expectations.,genuine
Terrible item. Don’t waste your money.,fake
Perfect for my needs. Works flawlessly.,genuine
This is a scam. Not as described.,fake
"Excellent quality, fast shipping and great packaging.",genuine
Cheap knockoff. Definitely fake.,fake
This is the best investment I've made recently.,genuine
Very disappointed. This is a counterfeit.,fake
Top-notch quality and authentic brand.,genuine
Didn't receive the item at all.,fake
Very satisfied with the purchase. Will buy again.,genuine
Didn't receive the item at all.,fake
Perfect for my needs. Works flawlessly.,genuine
This is a scam. Not as described.,fake
Very satisfied with the purchase. Will buy again.,genuine
"Fake seller, fake product, fake everything.",fake
Top-notch quality and authentic brand.,genuine
Fake product! I want a refund.,fake
Perfect for my needs. Works flawlessly.,genuine
This is a scam. Not as described.,fake
Top-notch quality and authentic brand.,genuine
Cheap knockoff. Definitely fake.,fake
This is the best investment I've made recently.,genuine
"Fake seller, fake product, fake everything.",fake
Top-notch quality and authentic brand.,genuine
Cheap knockoff. Definitely fake.,fake
This works exactly as described. Five stars!,genuine
Completely misleading and poor quality.,fake
This works exactly as described. Five stars!,genuine
Terrible item. Don’t waste your money.,fake
Perfect for my needs. Works flawlessly.,genuine
Cheap knockoff. Definitely fake.,fake
Perfect for my needs. Works flawlessly.,genuine
Cheap knockoff. Definitely fake.,fake
Genuine and reliable. Value for money.,genuine
Didn't receive the item at all.,fake
This works exactly as described. Five stars!,genuine
Very disappointed. This is a counterfeit.,fake
Very satisfied with the purchase. Will buy again.,genuine
Cheap knockoff. Definitely fake.,fake
This works exactly as described. Five stars!,genuine
Does not match the listing. Avoid it.,fake
This works exactly as described. Five stars!,genuine
Fake product! I want a refund.,fake
This works exactly as described. Five stars!,genuine
This is a scam. Not as described.,fake
Very satisfied with the purchase. Will buy again.,genuine
This is a scam. Not as described.,fake
Perfect for my needs. Works flawlessly.,genuine
Didn't receive the item at all.,fake
"Excellent quality, fast shipping and great packaging.",genuine
Fake product! I want a refund.,fake
Absolutely love this product! Highly recommended.,genuine
"Fake seller, fake product, fake everything.",fake
Top-notch quality and authentic brand.,genuine
Fake product! I want a refund.,fake
Very satisfied with the purchase. Will buy again.,genuine
Completely misleading and poor quality.,fake
Absolutely love this product! Highly recommended.,genuine
Fake product! I want a refund.,fake
"Excellent quality, fast shipping and great packaging.",genuine
Completely misleading and poor quality.,fake
Very satisfied with the purchase. Will buy again.,genuine
Didn't receive the item at all.,fake
Customer support was responsive and helpful.,genuine
This is a scam. Not as described.,fake
Genuine and reliable. Value for money.,genuine
Cheap knockoff. Definitely fake.,fake
"Excellent quality, fast shipping and great packaging.",genuine
Didn't receive the item at all.,fake
Absolutely love this product! Highly recommended.,genuine
Arrived broken and unusable. Trash!,fake
Very satisfied with the purchase. Will buy again.,genuine
Completely misleading and poor quality.,fake
This works exactly as described. Five stars!,genuine
Fake product! I want a refund.,fake
"Excellent quality, fast shipping and great packaging.",genuine
Cheap knockoff. Definitely fake.,fake
The product exceeded my expectations.,genuine
Completely misleading and poor quality.,fake
The product exceeded my expectations.,genuine
Completely misleading and poor quality.,fake
This works exactly as described. Five stars!,genuine
Does not match the listing. Avoid it.,fake
Genuine and reliable. Value for money.,genuine
Cheap knockoff. Definitely fake.,fake
This works exactly as described. Five stars!,genuine
Fake product! I want a refund.,fake
Absolutely love this product! Highly recommended.,genuine
Terrible item. Don’t waste your money.,fake
Genuine and reliable. Value for money.,genuine
Very disappointed. This is a counterfeit.,fake
Genuine and reliable. Value for money.,genuine
This is a scam. Not as described.,fake
This is the best investment I've made recently.,genuine
Cheap knockoff. Definitely fake.,fake
"Excellent quality, fast shipping and great packaging.",genuine
"Fake seller, fake product, fake everything.",fake
This is the best investment I've made recently.,genuine
Does not match the listing. Avoid it.,fake
"Excellent quality, fast shipping and great packaging.",genuine
Completely misleading and poor quality.,fake
"Excellent quality, fast shipping and great packaging.",genuine
Does not match the listing. Avoid it.,fake
This is the best investment I've made recently.,genuine
This is a scam. Not as described.,fake
This is the best investment I've made recently.,genuine
"Fake seller, fake product, fake everything.",fake
This is the best investment I've made recently.,genuine
Does not match the listing. Avoid it.,fake
This works exactly as described. Five stars!,genuine
This is a scam. Not as described.,fake
Very satisfied with the purchase. Will buy again.,genuine
Completely misleading and poor quality.,fake
Absolutely love this product! Highly recommended.,genuine
Completely misleading and poor quality.,fake
Perfect for my needs. Works flawlessly.,genuine
Completely misleading and poor quality.,fake
The product exceeded my expectations.,genuine
Cheap knockoff. Definitely fake.,fake
Absolutely love this product! Highly recommended.,genuine
Cheap knockoff. Definitely fake.,fake
Top-notch quality and authentic brand.,genuine
Terrible item. Don’t waste your money.,fake
Top-notch quality and authentic brand.,genuine
Completely misleading and poor quality.,fake
Genuine and reliable. Value for money.,genuine
Arrived broken and unusable. Trash!,fake
Perfect for my needs. Works flawlessly.,genuine
Does not match the listing. Avoid it.,fake
This is the best investment I've made recently.,genuine
"Fake seller, fake product, fake everything.",fake
The product exceeded my expectations.,genuine
This is a scam. Not as described.,fake
The product exceeded my expectations.,genuine
"Fake seller, fake product, fake everything.",fake
This is the best investment I've made recently.,genuine
Terrible item. Don’t waste your money.,fake
Perfect for my needs. Works flawlessly.,genuine
Terrible item. Don’t waste your money.,fake
Very satisfied with the purchase. Will buy again.,genuine
Didn't receive the item at all.,fake
Customer support was responsive and helpful.,genuine
Does not match the listing. Avoid it.,fake
This works exactly as described. Five stars!,genuine
Terrible item. Don’t waste your money.,fake
Absolutely love this product! Highly recommended.,genuine
Didn't receive the item at all.,fake
This is the best investment I've made recently.,genuine
This is a scam. Not as described.,fake
This works exactly as described. Five stars!,genuine
This is a scam. Not as described.,fake
Genuine and reliable. Value for money.,genuine
Arrived broken and unusable. Trash!,fake
Top-notch quality and authentic brand.,genuine
Arrived broken and unusable. Trash!,fake
Very satisfied with the purchase. Will buy again.,genuine
"Fake seller, fake product, fake everything.",fake
Absolutely love this product! Highly recommended.,genuine
Does not match the listing. Avoid it.,fake
Top-notch quality and authentic brand.,genuine
Didn't receive the item at all.,fake
This is the best investment I've made recently.,genuine
Arrived broken and unusable. Trash!,fake
Very satisfied with the purchase. Will buy again.,genuine
Does not match the listing. Avoid it.,fake
Absolutely love this product! Highly recommended.,genuine
Cheap knockoff. Definitely fake.,fake
The product exceeded my expectations.,genuine
Terrible item. Don’t waste your money.,fake
Genuine and reliable. Value for money.,genuine
Very disappointed. This is a counterfeit.,fake
Perfect for my needs. Works flawlessly.,genuine
Terrible item. Don’t waste your money.,fake
The product exceeded my expectations.,genuine
This is a scam. Not as described.,fake
"Excellent quality, fast shipping and great packaging.",genuine
Completely misleading and poor quality.,fake
Absolutely love this product! Highly recommended.,genuine
Arrived broken and unusable. Trash!,fake
Perfect for my needs. Works flawlessly.,genuine
Completely misleading and poor quality.,fake
The product exceeded my expectations.,genuine
This is a scam. Not as described.,fake
This is the best investment I've made recently.,genuine
This is a scam. Not as described.,fake
Genuine and reliable. Value for money.,genuine
Cheap knockoff. Definitely fake.,fake
Top-notch quality and authentic brand.,genuine
"Fake seller, fake product, fake everything.",fake
This works exactly as described. Five stars!,genuine
Does not match the listing. Avoid it.,fake
This works exactly as described. Five stars!,genuine
Arrived broken and unusable. Trash!,fake
This is the best investment I've made recently.,genuine
Fake product! I want a refund.,fake
Genuine and reliable. Value for money.,genuine
Terrible item. Don’t waste your money.,fake
This works exactly as described. Five stars!,genuine
Fake product! I want a refund.,fake
Customer support was responsive and helpful.,genuine
Does not match the listing. Avoid it.,fake
Customer support was responsive and helpful.,genuine
Didn't receive the item at all.,fake
Very satisfied with the purchase. Will buy again.,genuine
Cheap knockoff. Definitely fake.,fake
Genuine and reliable. Value for money.,genuine
Arrived broken and unusable. Trash!,fake
Customer support was responsive and helpful.,genuine
This is a scam. Not as described.,fake
Genuine and reliable. Value for money.,genuine
Arrived broken and unusable. Trash!,fake
Absolutely love this product! Highly recommended.,genuine
This is a scam. Not as described.,fake
Very satisfied with the purchase. Will buy again.,genuine
Arrived broken and unusable. Trash!,fake
This is the best investment I've made recently.,genuine
Cheap knockoff. Definitely fake.,fake
"Excellent quality, fast shipping and great packaging.",genuine
Fake product! I want a refund.,fake
